Country Name,Country Code,Series Name,Series Code,1985 [YR1985],1986 [YR1986],1987 [YR1987],1988 [YR1988],1989 [YR1989],1990 [YR1990],1991 [YR1991],1992 [YR1992],1993 [YR1993],1994 [YR1994],1995 [YR1995],1996 [YR1996],1997 [YR1997],1998 [YR1998],1999 [YR1999],2000 [YR2000],2001 [YR2001],2002 [YR2002],2003 [YR2003],2004 [YR2004],2005 [YR2005],2006 [YR2006],2007 [YR2007],2008 [YR2008],2009 [YR2009],2010 [YR2010],2011 [YR2011],2012 [YR2012],2013 [YR2013],2014 [YR2014],2015 [YR2015],2016 [YR2016],2017 [YR2017],2018 [YR2018],2019 [YR2019],2020 [YR2020]
Afghanistan,AFG,"Literacy rate, adult total (% of people ages 15 and above)",SE.ADT.LITR.ZS,..,..,..,..,..,..,..,..,..,..,..,..,..,..,..,..,..,..,..,..,..,..,..,..,..,..,31.4488506317139,..,..,..,..,..,..,43.019718170166,..,..
Albania,ALB,"Literacy rate, adult total (% of people ages 15 and above)",SE.ADT.LITR.ZS,..,..,..,..,..,..,..,..,..,..,..,..,..,..,..,..,98.7129821777344,..,..,..,..,..,..,95.9386367797852,..,..,96.8452987670898,97.2469711303711,..,..,..,..,..,98.1411514282227,..,..
Algeria,DZA,"Literacy rate, adult total (% of people ages 15 and above)",SE.ADT.LITR.ZS,..,..,49.6308784484863,..,..,..,..,..,..,..,..,..,..,..,..,..,..,69.8734970092773,..,..,..,72.648681640625,..,75.1360473632813,..,..,..,..,..,..,..,..,..,81.4078369140625,..,..
American Samoa,ASM,"Literacy rate, adult total (% of people ages 15 and above)",SE.ADT.LITR.ZS,..,..,..,..,..,..,..,..,..,..,..,..,..,..,..,..,..,..,..,..,..,..,..,..,..,..,..,..,..,..,..,..,..,..,..,..
Andorra,AND,"Literacy rate, adult total (% of people ages 15 and above)",SE.ADT.LITR.ZS,..,..,..,..,..,..,..,..,..,..,..,..,..,..,..,..,..,..,..,..,..,..,..,..,..,..,..,..,..,..,..,..,..,..,..,..
Angola,AGO,"Literacy rate, adult total (% of people ages 15 and above)",SE.ADT.LITR.ZS,..,..,..,..,..,..,..,..,..,..,..,..,..,..,..,..,67.4054183959961,..,..,..,..,..,..,..,..,..,..,..,..,66.0301132202148,..,..,..,..,..,..
Antigua and Barbuda,ATG,"Literacy rate, adult total (% of people ages 15 and above)",SE.ADT.LITR.ZS,..,..,..,..,..,..,..,..,..,..,..,..,..,..,..,..,98.9499969482422,..,..,..,..,..,..,..,..,..,98.9499969482422,..,..,..,98.9499969482422,..,..,..,..,..
Argentina,ARG,"Literacy rate, adult total (% of people ages 15 and above)",SE.ADT.LITR.ZS,..,..,..,..,..,..,96.0407180786133,..,..,..,..,..,..,..,..,..,97.1933135986328,..,..,..,..,98.6108016967773,..,..,98.9834213256836,98.9549713134766,99.1083297729492,99.1052322387695,99.1219482421875,98.9938888549805,99.1799621582031,99.1250076293945,..,99.0038681030273,..,..
Armenia,ARM,"Literacy rate, adult total (% of people ages 15 and above)",SE.ADT.LITR.ZS,..,..,..,..,98.7519607543945,..,..,..,..,..,..,..,..,..,..,..,99.4001617431641,..,..,..,..,..,..,..,..,..,99.7444076538086,..,..,..,..,..,99.7360687255859,..,..,..
Aruba,ABW,"Literacy rate, adult total (% of people ages 15 and above)",SE.ADT.LITR.ZS,..,..,..,..,..,..,..,..,..,..,..,..,..,..,..,97.2912521362305,..,..,..,..,..,..,..,..,..,96.822639465332,..,..,..,..,..,..,..,97.8074188232422,..,..
Australia,AUS,"Literacy rate, adult total (% of people ages 15 and above)",SE.ADT.LITR.ZS,..,..,..,..,..,..,..,..,..,..,..,..,..,..,..,..,..,..,..,..,..,..,..,..,..,..,..,..,..,..,..,..,..,..,..,..
Austria,AUT,"Literacy rate, adult total (% of people ages 15 and above)",SE.ADT.LITR.ZS,..,..,..,..,..,..,..,..,..,..,..,..,..,..,..,..,..,..,..,..,..,..,..,..,..,..,..,..,..,..,..,..,..,..,..,..
Azerbaijan,AZE,"Literacy rate, adult total (% of people ages 15 and above)",SE.ADT.LITR.ZS,..,..,..,..,..,..,..,..,..,..,..,..,..,..,98.7918014526367,..,..,..,..,..,..,..,99.5931930541992,..,99.7598419189453,99.7711410522461,99.7786331176758,99.7757720947266,99.7893600463867,99.7889862060547,99.7880630493164,99.7900619506836,99.7912292480469,..,..,..
"Bahamas, The",BHS,"Literacy rate, adult total (% of people ages 15 and above)",SE.ADT.LITR.ZS,..,..,..,..,..,..,..,..,..,..,..,..,..,..,..,..,..,..,..,..,..,..,..,..,..,..,..,..,..,..,..,..,..,..,..,..
Bahrain,BHR,"Literacy rate, adult total (% of people ages 15 and above)",SE.ADT.LITR.ZS,..,..,..,..,..,..,84.0138320922852,..,..,..,..,..,..,..,..,..,86.5487365722656,..,..,..,..,..,..,..,..,90.9774017333984,..,..,..,..,..,97.0666809082031,97.4038925170898,97.4641876220703,..,..
Bangladesh,BGD,"Literacy rate, adult total (% of people ages 15 and above)",SE.ADT.LITR.ZS,..,..,..,..,..,..,35.3193016052246,..,..,..,..,..,..,..,..,..,47.4855003356934,..,..,..,..,..,46.6636009216309,..,..,..,58.7691802978516,57.8607482910156,61.0155410766602,61.0932998657227,65.1373291015625,72.7587203979492,72.8929672241211,73.9122009277344,74.6844635009766,..
Barbados,BRB,"Literacy rate, adult total (% of people ages 15 and above)",SE.ADT.LITR.ZS,..,..,..,..,..,..,..,..,..,99.5999984741211,..,..,..,..,..,..,..,..,..,99.5999984741211,..,..,..,..,..,..,..,..,..,99.5999984741211,..,..,..,..,..,..
Belarus,BLR,"Literacy rate, adult total (% of people ages 15 and above)",SE.ADT.LITR.ZS,..,..,..,..,97.8833694458008,..,..,..,..,..,..,..,..,..,99.5907287597656,..,..,..,..,..,..,..,..,..,99.617057800293,..,..,..,..,..,..,..,..,99.7565612792969,..,..
Belgium,BEL,"Literacy rate, adult total (% of people ages 15 and above)",SE.ADT.LITR.ZS,..,..,..,..,..,..,..,..,..,..,..,..,..,..,..,..,..,..,..,..,..,..,..,..,..,..,..,..,..,..,..,..,..,..,..,..
Belize,BLZ,"Literacy rate, adult total (% of people ages 15 and above)",SE.ADT.LITR.ZS,..,..,..,..,..,..,70.2984237670898,..,..,..,..,..,..,..,..,76.9029769897461,..,..,..,..,..,..,..,..,..,..,..,..,..,..,..,..,..,..,..,..
Benin,BEN,"Literacy rate, adult total (% of people ages 15 and above)",SE.ADT.LITR.ZS,..,..,..,..,..,..,..,27.2451705932617,..,..,..,..,..,..,..,..,..,34.6578483581543,..,..,..,28.7021102905273,..,..,..,..,..,32.9488182067871,..,..,..,..,..,42.3624000549316,..,..
Bermuda,BMU,"Literacy rate, adult total (% of people ages 15 and above)",SE.ADT.LITR.ZS,..,..,..,..,..,..,..,..,..,..,..,..,..,..,..,..,..,..,..,..,..,..,..,..,..,..,..,..,..,..,..,..,..,..,..,..
Bhutan,BTN,"Literacy rate, adult total (% of people ages 15 and above)",SE.ADT.LITR.ZS,..,..,..,..,..,..,..,..,..,..,..,..,..,..,..,..,..,..,..,..,52.8146896362305,..,..,..,..,..,..,55.3175582885742,..,..,..,..,66.561149597168,..,..,..
Bolivia,BOL,"Literacy rate, adult total (% of people ages 15 and above)",SE.ADT.LITR.ZS,..,..,..,..,..,..,..,79.9917678833008,..,..,..,..,..,..,..,..,86.7236709594727,..,..,..,..,..,90.7434692382813,90.698112487793,91.1678314208984,..,92.2261505126953,94.4605712890625,..,..,92.455078125,..,..,..,..,..
Bosnia and Herzegovina,BIH,"Literacy rate, adult total (% of people ages 15 and above)",SE.ADT.LITR.ZS,..,..,..,..,..,..,89.063591003418,..,..,..,..,..,..,..,..,96.6631011962891,..,..,..,..,..,..,..,..,..,..,98.1420364379883,..,96.9917678833008,..,..,..,..,..,..,..
Botswana,BWA,"Literacy rate, adult total (% of people ages 15 and above)",SE.ADT.LITR.ZS,..,..,..,..,..,..,68.5809097290039,..,..,..,..,..,..,..,..,..,..,..,81.1887130737305,..,..,..,..,..,..,..,..,..,86.8231811523438,..,..,..,..,..,..,..
Brazil,BRA,"Literacy rate, adult total (% of people ages 15 and above)",SE.ADT.LITR.ZS,..,..,..,..,..,..,..,..,..,..,..,..,..,..,..,86.3678817749023,..,..,..,88.6162414550781,..,89.6152267456055,90.0093688964844,90.03662109375,90.298210144043,90.3791809082031,91.4112396240234,91.3378524780273,91.4842376708984,91.7294311523438,92.0478973388672,92.8084411621094,93.0758209228516,93.2275009155273,..,..
British Virgin Islands,VGB,"Literacy rate, adult total (% of people ages 15 and above)",SE.ADT.LITR.ZS,..,..,..,..,..,..,..,..,..,..,..,..,..,..,..,..,..,..,..,..,..,..,..,..,..,..,..,..,..,..,..,..,..,..,..,..
Brunei Darussalam,BRN,"Literacy rate, adult total (% of people ages 15 and above)",SE.ADT.LITR.ZS,..,..,..,..,..,..,87.8041763305664,..,..,..,..,..,..,..,..,..,92.6711273193359,..,..,..,..,..,..,..,..,..,96.085563659668,..,..,..,..,..,..,97.214111328125,..,..
Bulgaria,BGR,"Literacy rate, adult total (% of people ages 15 and above)",SE.ADT.LITR.ZS,..,..,..,..,..,..,..,..,..,..,..,..,..,..,..,..,98.2035598754883,..,..,..,..,..,..,..,..,..,98.3524475097656,..,..,..,..,..,..,..,..,..
Burkina Faso,BFA,"Literacy rate, adult total (% of people ages 15 and above)",SE.ADT.LITR.ZS,..,..,..,..,..,..,13.5692300796509,..,..,..,..,12.8481702804565,..,..,..,..,..,..,21.8229198455811,..,23.5221996307373,22.4725799560547,28.2936592102051,..,..,..,..,..,..,34.5993995666504,..,..,..,41.2244491577148,..,..
Burundi,BDI,"Literacy rate, adult total (% of people ages 15 and above)",SE.ADT.LITR.ZS,..,..,..,..,..,37.3847198486328,..,..,..,..,..,..,..,..,..,59.3036193847656,..,..,..,..,..,..,..,48.0840606689453,..,..,..,..,..,61.5134887695313,..,..,68.3753280639648,..,..,..
Cabo Verde,CPV,"Literacy rate, adult total (% of people ages 15 and above)",SE.ADT.LITR.ZS,..,..,..,..,..,62.7968597412109,..,..,..,..,..,..,..,..,..,76.1104431152344,..,..,..,..,..,..,..,..,..,..,..,85.3277893066406,..,..,86.7902908325195,..,..,..,..,..
Cambodia,KHM,"Literacy rate, adult total (% of people ages 15 and above)",SE.ADT.LITR.ZS,..,..,..,..,..,..,..,..,..,..,..,..,..,67.3350296020508,..,..,..,..,..,73.6099472045898,..,..,..,76.8712921142578,76.1379623413086,..,..,..,..,78.0550918579102,80.5264892578125,..,..,..,..,..
Cameroon,CMR,"Literacy rate, adult total (% of people ages 15 and above)",SE.ADT.LITR.ZS,..,..,..,..,..,..,..,..,..,..,..,..,..,..,..,68.4091567993164,..,..,..,..,..,..,70.6799392700195,..,..,71.2905120849609,..,..,..,..,..,..,..,77.0710372924805,..,..
Canada,CAN,"Literacy rate, adult total (% of people ages 15 and above)",SE.ADT.LITR.ZS,..,..,..,..,..,..,..,..,..,..,..,..,..,..,..,..,..,..,..,..,..,..,..,..,..,..,..,..,..,..,..,..,..,..,..,..
Cayman Islands,CYM,"Literacy rate, adult total (% of people ages 15 and above)",SE.ADT.LITR.ZS,..,..,..,..,..,..,..,..,..,..,..,..,..,..,..,..,..,..,..,..,..,..,98.8678207397461,..,..,..,..,..,..,..,..,..,..,..,..,..
Central African Republic,CAF,"Literacy rate, adult total (% of people ages 15 and above)",SE.ADT.LITR.ZS,..,..,..,33.6244201660156,..,..,..,..,..,..,..,..,..,..,..,50.6451683044434,..,..,..,..,..,..,..,..,..,36.7526092529297,..,..,..,..,..,..,..,37.3958206176758,..,..
Chad,TCD,"Literacy rate, adult total (% of people ages 15 and above)",SE.ADT.LITR.ZS,..,..,..,..,..,..,..,..,10.8946504592896,..,..,..,..,..,..,25.6542091369629,..,..,..,28.3814296722412,..,..,..,..,..,..,..,..,..,..,26.0029907226563,22.3115501403809,..,..,..,..
Channel Islands,CHI,"Literacy rate, adult total (% of people ages 15 and above)",SE.ADT.LITR.ZS,..,..,..,..,..,..,..,..,..,..,..,..,..,..,..,..,..,..,..,..,..,..,..,..,..,..,..,..,..,..,..,..,..,..,..,..
Chile,CHL,"Literacy rate, adult total (% of people ages 15 and above)",SE.ADT.LITR.ZS,..,..,..,..,..,..,..,94.2911376953125,..,..,..,..,..,..,..,..,..,95.7166213989258,..,..,..,..,..,97.7224502563477,97.6642303466797,96.818603515625,96.703010559082,..,96.2670593261719,..,96.8741302490234,..,96.4022827148438,..,..,..
China,CHN,"Literacy rate, adult total (% of people ages 15 and above)",SE.ADT.LITR.ZS,..,..,..,..,..,77.7850570678711,..,..,..,..,..,..,..,..,..,90.9202117919922,..,..,..,..,..,..,..,..,..,95.1244812011719,..,..,..,..,..,..,..,96.8408889770508,..,..
Colombia,COL,"Literacy rate, adult total (% of people ages 15 and above)",SE.ADT.LITR.ZS,..,..,..,..,..,..,..,..,91.0630874633789,..,..,91.207160949707,..,..,..,..,..,..,..,92.8037796020508,92.8486633300781,92.2996826171875,92.6517868041992,93.3781814575195,93.2446899414063,93.3723297119141,93.5805282592773,..,..,94.1862487792969,94.2450485229492,94.6538467407227,..,95.0925064086914,..,..
Comoros,COM,"Literacy rate, adult total (% of people ages 15 and above)",SE.ADT.LITR.ZS,..,..,..,..,..,..,..,..,..,..,..,..,..,..,..,68.4892272949219,..,..,..,..,..,..,..,..,..,..,..,49.1961402893066,..,..,..,..,..,58.8170204162598,..,..
"Congo, Dem. Rep.",COD,"Literacy rate, adult total (% of people ages 15 and above)",SE.ADT.LITR.ZS,..,..,..,..,..,..,..,..,..,..,..,..,..,..,..,..,67.1729888916016,..,..,..,..,..,61.2055511474609,..,..,..,..,75.0171890258789,..,..,..,77.0426788330078,..,..,..,..
"Congo, Rep.",COG,"Literacy rate, adult total (% of people ages 15 and above)",SE.ADT.LITR.ZS,..,..,..,..,..,..,..,..,..,..,..,..,..,..,..,..,..,..,..,..,76.1147918701172,..,..,..,..,..,79.3111724853516,..,..,..,..,..,..,80.2987594604492,..,..
Costa Rica,CRI,"Literacy rate, adult total (% of people ages 15 and above)",SE.ADT.LITR.ZS,..,..,..,..,..,..,..,..,..,..,..,..,..,..,..,94.8681869506836,..,..,..,..,..,..,..,..,..,..,97.4065780639648,..,..,..,..,..,..,97.8637924194336,..,..
Cote d'Ivoire,CIV,"Literacy rate, adult total (% of people ages 15 and above)",SE.ADT.LITR.ZS,..,..,..,34.1392784118652,..,..,..,..,..,..,..,..,..,36.3502388000488,..,48.7407608032227,..,..,..,..,..,..,..,..,..,..,..,40.9816284179688,..,43.9084205627441,..,..,..,47.1653518676758,..,..
Croatia,HRV,"Literacy rate, adult total (% of people ages 15 and above)",SE.ADT.LITR.ZS,..,..,..,..,..,..,96.7015533447266,..,..,..,..,..,..,..,..,..,98.1466827392578,..,..,..,..,..,..,..,..,..,99.125358581543,..,..,..,..,..,..,..,..,..
Cuba,CUB,"Literacy rate, adult total (% of people ages 15 and above)",SE.ADT.LITR.ZS,..,..,..,..,..,..,..,..,..,..,..,..,..,..,..,..,..,99.799072265625,..,..,..,..,..,..,..,..,..,99.7525329589844,..,..,..,..,..,..,..,..
Curacao,CUW,"Literacy rate, adult total (% of people ages 15 and above)",SE.ADT.LITR.ZS,..,..,..,..,..,..,..,..,..,..,..,..,..,..,..,..,..,..,..,..,..,..,..,..,..,..,..,..,..,..,..,..,..,..,..,..
Cyprus,CYP,"Literacy rate, adult total (% of people ages 15 and above)",SE.ADT.LITR.ZS,..,..,..,..,..,..,..,94.3624725341797,..,..,..,..,..,..,..,..,96.8036270141602,..,..,..,..,..,..,..,..,..,98.6784286499023,..,..,..,..,..,..,..,..,..
Czech Republic,CZE,"Literacy rate, adult total (% of people ages 15 and above)",SE.ADT.LITR.ZS,..,..,..,..,..,..,..,..,..,..,..,..,..,..,..,..,..,..,..,..,..,..,..,..,..,..,..,..,..,..,..,99.8330307006836,..,..,..,..
Denmark,DNK,"Literacy rate, adult total (% of people ages 15 and above)",SE.ADT.LITR.ZS,..,..,..,..,..,..,..,..,..,..,..,..,..,..,..,..,..,..,..,..,..,..,..,..,..,..,..,..,..,..,..,..,..,..,..,..
Djibouti,DJI,"Literacy rate, adult total (% of people ages 15 and above)",SE.ADT.LITR.ZS,..,..,..,..,..,..,..,..,..,..,..,..,..,..,..,..,..,..,..,..,..,..,..,..,..,..,..,..,..,..,..,..,..,..,..,..
Dominica,DMA,"Literacy rate, adult total (% of people ages 15 and above)",SE.ADT.LITR.ZS,..,..,..,..,..,..,..,..,..,..,..,..,..,..,..,..,..,..,..,..,..,..,..,..,..,..,..,..,..,..,..,..,..,..,..,..
Dominican Republic,DOM,"Literacy rate, adult total (% of people ages 15 and above)",SE.ADT.LITR.ZS,..,..,..,..,..,..,..,..,..,..,..,..,..,..,..,..,..,86.996467590332,..,..,..,..,88.2444610595703,..,..,89.5387268066406,90.1063766479492,90.1551818847656,90.8581466674805,91.7637634277344,91.9912109375,93.7784576416016,..,..,..,..
Ecuador,ECU,"Literacy rate, adult total (% of people ages 15 and above)",SE.ADT.LITR.ZS,..,..,..,..,..,88.2987594604492,..,..,..,..,..,..,..,..,..,..,90.9840316772461,..,..,..,..,..,92.0967864990234,92.3900527954102,92.2497634887695,91.8540420532227,91.5868988037109,92.0647277832031,93.2946319580078,94.2226409912109,94.4556579589844,94.350227355957,92.8297882080078,..,..,..
"Egypt, Arab Rep.",EGY,"Literacy rate, adult total (% of people ages 15 and above)",SE.ADT.LITR.ZS,..,44.4239883422852,..,..,..,..,..,..,..,..,..,55.5870018005371,..,..,..,..,..,..,..,..,67.3318710327148,66.3699111938477,..,..,..,72.0478515625,..,73.865592956543,72.442497253418,..,..,..,71.1682510375977,..,..,..
El Salvador,SLV,"Literacy rate, adult total (% of people ages 15 and above)",SE.ADT.LITR.ZS,..,..,..,..,..,..,..,74.1431579589844,..,..,..,..,..,..,..,..,..,..,..,..,..,83.5594635009766,82.0286331176758,83.951301574707,84.1028900146484,84.4927215576172,85.4939880371094,..,86.767578125,..,87.9698486328125,88.1417694091797,88.4827117919922,89.0085983276367,..,..
Equatorial Guinea,GNQ,"Literacy rate, adult total (% of people ages 15 and above)",SE.ADT.LITR.ZS,..,..,..,..,..,..,..,..,..,..,..,..,..,..,..,88.3082962036133,..,..,..,..,..,..,..,..,..,94.3705368041992,..,..,..,..,..,..,..,..,..,..
Eritrea,ERI,"Literacy rate, adult total (% of people ages 15 and above)",SE.ADT.LITR.ZS,..,..,..,..,..,..,..,..,..,..,..,..,..,..,..,..,..,52.5139503479004,..,..,..,..,..,64.662971496582,..,..,..,..,..,..,..,..,..,76.5705184936523,..,..
Estonia,EST,"Literacy rate, adult total (% of people ages 15 and above)",SE.ADT.LITR.ZS,..,..,..,..,99.7264404296875,..,..,..,..,..,..,..,..,..,..,99.7671966552734,..,..,..,..,..,..,..,..,..,..,99.8857879638672,..,..,..,..,..,..,..,..,..
Eswatini,SWZ,"Literacy rate, adult total (% of people ages 15 and above)",SE.ADT.LITR.ZS,..,67.2393798828125,..,..,..,..,..,..,..,..,..,..,..,..,..,81.6606979370117,..,..,..,..,..,..,..,..,..,83.0982894897461,..,..,..,..,..,..,..,88.4193801879883,..,..
Ethiopia,ETH,"Literacy rate, adult total (% of people ages 15 and above)",SE.ADT.LITR.ZS,..,..,..,..,..,..,..,..,..,27.0113506317139,..,..,..,..,..,..,..,..,..,35.9000015258789,29.8203392028809,..,38.995979309082,..,..,..,..,..,..,..,..,..,51.7711791992188,..,..,..
Faroe Islands,FRO,"Literacy rate, adult total (% of people ages 15 and above)",SE.ADT.LITR.ZS,..,..,..,..,..,..,..,..,..,..,..,..,..,..,..,..,..,..,..,..,..,..,..,..,..,..,..,..,..,..,..,..,..,..,..,..
Fiji,FJI,"Literacy rate, adult total (% of people ages 15 and above)",SE.ADT.LITR.ZS,..,..,..,..,..,..,..,..,..,..,..,92.9428863525391,..,..,..,..,..,..,..,..,..,..,..,..,..,..,..,..,..,..,..,..,99.0821075439453,..,..,..
Finland,FIN,"Literacy rate, adult total (% of people ages 15 and above)",SE.ADT.LITR.ZS,..,..,..,..,..,..,..,..,..,..,..,..,..,..,..,..,..,..,..,..,..,..,..,..,..,..,..,..,..,..,..,..,..,..,..,..
France,FRA,"Literacy rate, adult total (% of people ages 15 and above)",SE.ADT.LITR.ZS,..,..,..,..,..,..,..,..,..,..,..,..,..,..,..,..,..,..,..,..,..,..,..,..,..,..,..,..,..,..,..,..,..,..,..,..
French Polynesia,PYF,"Literacy rate, adult total (% of people ages 15 and above)",SE.ADT.LITR.ZS,..,..,..,..,..,..,..,..,..,..,..,..,..,..,..,..,..,..,..,..,..,..,..,..,..,..,..,..,..,..,..,..,..,..,..,..
Gabon,GAB,"Literacy rate, adult total (% of people ages 15 and above)",SE.ADT.LITR.ZS,..,..,..,..,..,..,..,..,72.2336730957031,..,..,..,..,..,..,..,..,..,..,..,..,..,..,..,..,..,..,82.2837982177734,..,..,..,..,..,84.6671600341797,..,..
"Gambia, The",GMB,"Literacy rate, adult total (% of people ages 15 and above)",SE.ADT.LITR.ZS,..,..,..,..,..,..,..,..,..,..,..,..,..,..,..,36.8177299499512,..,..,..,..,..,..,..,..,..,..,..,..,41.9500503540039,..,50.7779693603516,..,..,..,..,..
Georgia,GEO,"Literacy rate, adult total (% of people ages 15 and above)",SE.ADT.LITR.ZS,..,..,..,..,..,..,..,..,..,..,..,..,..,..,..,..,..,99.6523513793945,..,..,..,..,..,..,..,..,..,..,..,99.5861892700195,..,..,99.3642578125,..,..,..
Germany,DEU,"Literacy rate, adult total (% of people ages 15 and above)",SE.ADT.LITR.ZS,..,..,..,..,..,..,..,..,..,..,..,..,..,..,..,..,..,..,..,..,..,..,..,..,..,..,..,..,..,..,..,..,..,..,..,..
Ghana,GHA,"Literacy rate, adult total (% of people ages 15 and above)",SE.ADT.LITR.ZS,..,..,..,..,..,..,..,..,..,..,..,..,..,..,..,57.8974685668945,..,..,..,..,..,..,..,..,..,71.4970703125,..,..,..,..,..,..,..,79.0396423339844,..,..
Gibraltar,GIB,"Literacy rate, adult total (% of people ages 15 and above)",SE.ADT.LITR.ZS,..,..,..,..,..,..,..,..,..,..,..,..,..,..,..,..,..,..,..,..,..,..,..,..,..,..,..,..,..,..,..,..,..,..,..,..
Greece,GRC,"Literacy rate, adult total (% of people ages 15 and above)",SE.ADT.LITR.ZS,..,..,..,..,..,..,92.6104507446289,..,..,..,..,..,..,..,..,..,95.9943618774414,..,..,..,93.0443115234375,..,93.9315490722656,..,93.9051132202148,..,97.3687362670898,..,..,..,..,..,..,97.9359512329102,..,..
Greenland,GRL,"Literacy rate, adult total (% of people ages 15 and above)",SE.ADT.LITR.ZS,..,..,..,..,..,..,..,..,..,..,..,..,..,..,..,..,..,..,..,..,..,..,..,..,..,..,..,..,..,..,..,..,..,..,..,..
Grenada,GRD,"Literacy rate, adult total (% of people ages 15 and above)",SE.ADT.LITR.ZS,..,..,..,..,..,..,..,..,..,98.5999984741211,..,..,..,..,..,..,..,..,..,98.5999984741211,..,..,..,..,..,..,..,..,..,98.5999984741211,..,..,..,..,..,..
Guam,GUM,"Literacy rate, adult total (% of people ages 15 and above)",SE.ADT.LITR.ZS,..,..,..,..,..,99.3691482543945,..,..,..,..,..,..,..,..,..,..,..,..,..,..,..,..,..,..,..,..,..,..,..,..,..,..,..,..,..,..
Guatemala,GTM,"Literacy rate, adult total (% of people ages 15 and above)",SE.ADT.LITR.ZS,..,..,..,..,..,..,..,..,..,64.2116394042969,..,..,..,..,..,..,..,69.1017303466797,..,..,..,..,..,..,..,..,..,78.2648620605469,77.0386734008789,81.2858963012695,..,..,..,..,..,..
Guinea,GIN,"Literacy rate, adult total (% of people ages 15 and above)",SE.ADT.LITR.ZS,..,..,..,..,..,..,..,..,..,..,..,20.5537490844727,..,..,..,..,..,..,29.7040195465088,..,..,..,..,..,..,25.3077392578125,..,..,..,32.0038414001465,..,..,..,..,..,..
Guinea-Bissau,GNB,"Literacy rate, adult total (% of people ages 15 and above)",SE.ADT.LITR.ZS,..,..,..,..,..,..,..,..,..,..,..,..,..,..,..,41.3577690124512,..,..,..,..,..,..,..,..,..,..,..,..,..,45.5811614990234,..,..,..,..,..,..
Guyana,GUY,"Literacy rate, adult total (% of people ages 15 and above)",SE.ADT.LITR.ZS,..,..,..,..,..,..,..,..,..,..,..,..,..,..,..,..,..,..,..,..,..,..,..,..,84.994010925293,..,..,..,..,85.6397323608398,..,..,..,..,..,..
Haiti,HTI,"Literacy rate, adult total (% of people ages 15 and above)",SE.ADT.LITR.ZS,..,..,..,..,..,..,..,..,..,..,..,..,..,..,..,..,..,..,58.7439002990723,..,..,48.6850204467773,..,..,..,..,..,..,..,..,..,61.691349029541,..,..,..,..
Honduras,HND,"Literacy rate, adult total (% of people ages 15 and above)",SE.ADT.LITR.ZS,..,..,..,..,..,..,..,..,..,..,..,..,..,..,..,..,80.0110321044922,..,..,..,..,..,83.5889892578125,..,..,84.7553634643555,85.1232986450195,85.3555526733398,85.4644165039063,87.1975326538086,87.9068298339844,88.9874801635742,..,87.2052383422852,..,..
"Hong Kong SAR, China",HKG,"Literacy rate, adult total (% of people ages 15 and above)",SE.ADT.LITR.ZS,..,..,..,..,..,..,..,..,..,..,..,..,..,..,..,..,..,..,..,..,..,..,..,..,..,..,..,..,..,..,..,..,..,..,..,..
Hungary,HUN,"Literacy rate, adult total (% of people ages 15 and above)",SE.ADT.LITR.ZS,..,..,..,..,..,..,..,..,..,..,..,..,..,..,..,..,..,..,..,..,..,..,..,..,..,..,..,..,..,99.0999984741211,..,..,..,..,..,..
Iceland,ISL,"Literacy rate, adult total (% of people ages 15 and above)",SE.ADT.LITR.ZS,..,..,..,..,..,..,..,..,..,..,..,..,..,..,..,..,..,..,..,..,..,..,..,..,..,..,..,..,..,..,..,..,..,..,..,..
India,IND,"Literacy rate, adult total (% of people ages 15 and above)",SE.ADT.LITR.ZS,..,..,..,..,..,..,48.2220687866211,..,..,..,..,..,..,..,..,..,61.0145606994629,..,..,..,..,62.7544708251953,..,..,..,..,69.3025588989258,..,..,..,..,..,..,74.3729934692383,..,..
Indonesia,IDN,"Literacy rate, adult total (% of people ages 15 and above)",SE.ADT.LITR.ZS,..,..,..,..,..,81.5198516845703,..,..,..,..,..,..,..,..,..,..,..,..,..,90.3847885131836,..,91.9822692871094,..,92.1922988891602,92.5817031860352,..,92.8119125366211,..,..,95.1162185668945,95.2179336547852,95.3769683837891,..,95.658561706543,..,..
"Iran, Islamic Rep.",IRN,"Literacy rate, adult total (% of people ages 15 and above)",SE.ADT.LITR.ZS,..,52.3197593688965,..,..,..,..,65.5314025878906,..,..,..,..,73.0602493286133,..,..,..,..,..,77,..,..,82.4412002563477,82.3313217163086,..,82.9623031616211,..,..,..,83.6259918212891,84.6268005371094,84.7052383422852,..,85.5442504882813,..,..,..,..
Iraq,IRQ,"Literacy rate, adult total (% of people ages 15 and above)",SE.ADT.LITR.ZS,..,..,..,..,..,..,..,..,..,..,..,..,..,..,..,74.0522003173828,..,..,..,..,..,..,..,..,..,..,..,77.1999969482422,72.6999969482422,82.1999969482422,..,83.3000030517578,85.5999984741211,..,..,..
Ireland,IRL,"Literacy rate, adult total (% of people ages 15 and above)",SE.ADT.LITR.ZS,..,..,..,..,..,..,..,..,..,..,..,..,..,..,..,..,..,..,..,..,..,..,..,..,..,..,..,..,..,..,..,..,..,..,..,..
Isle of Man,IMN,"Literacy rate, adult total (% of people ages 15 and above)",SE.ADT.LITR.ZS,..,..,..,..,..,..,..,..,..,..,..,..,..,..,..,..,..,..,..,..,..,..,..,..,..,..,..,..,..,..,..,..,..,..,..,..
Israel,ISR,"Literacy rate, adult total (% of people ages 15 and above)",SE.ADT.LITR.ZS,..,..,..,..,..,..,..,..,..,..,..,..,..,..,..,..,..,..,..,..,..,..,..,..,..,..,..,..,..,..,..,..,..,..,..,..
Italy,ITA,"Literacy rate, adult total (% of people ages 15 and above)",SE.ADT.LITR.ZS,..,..,..,..,..,..,..,..,..,..,..,..,..,..,..,..,98.416618347168,..,..,..,..,..,..,..,..,..,98.8482818603516,..,..,..,..,..,..,99.15576171875,..,..
Jamaica,JAM,"Literacy rate, adult total (% of people ages 15 and above)",SE.ADT.LITR.ZS,..,..,..,..,..,..,..,..,..,..,..,..,..,..,79.9201202392578,..,..,..,..,..,..,..,..,..,..,..,..,..,..,88.0999984741211,..,..,..,..,..,..
Japan,JPN,"Literacy rate, adult total (% of people ages 15 and above)",SE.ADT.LITR.ZS,..,..,..,..,..,..,..,..,..,..,..,..,..,..,..,..,..,..,..,..,..,..,..,..,..,..,..,..,..,..,..,..,..,..,..,..
Jordan,JOR,"Literacy rate, adult total (% of people ages 15 and above)",SE.ADT.LITR.ZS,..,..,..,..,..,..,..,..,..,..,..,..,..,..,..,..,..,..,89.8923187255859,..,91.1307525634766,..,92.199577331543,..,..,92.5510406494141,95.9044494628906,97.8903198242188,..,..,..,..,..,98.2271118164063,..,..
Kazakhstan,KAZ,"Literacy rate, adult total (% of people ages 15 and above)",SE.ADT.LITR.ZS,..,..,..,..,97.5293807983398,..,..,..,..,..,..,..,..,..,99.5126571655273,..,..,..,..,..,..,..,..,..,99.7324066162109,99.7816314697266,..,..,..,..,..,..,..,99.7816314697266,..,..
Kenya,KEN,"Literacy rate, adult total (% of people ages 15 and above)",SE.ADT.LITR.ZS,..,..,..,..,..,..,..,..,..,..,..,..,..,..,..,82.2290802001953,..,..,..,..,..,..,72.1570281982422,..,..,..,..,..,..,78.733039855957,..,..,..,81.5349731445313,..,..
Kiribati,KIR,"Literacy rate, adult total (% of people ages 15 and above)",SE.ADT.LITR.ZS,..,..,..,..,..,..,..,..,..,..,..,..,..,..,..,..,..,..,..,..,..,..,..,..,..,..,..,..,..,..,..,..,..,..,..,..
"Korea, Dem. People’s Rep.",PRK,"Literacy rate, adult total (% of people ages 15 and above)",SE.ADT.LITR.ZS,..,..,..,..,..,..,..,..,..,..,..,..,..,..,..,..,..,..,..,..,..,..,..,99.9981918334961,..,..,..,..,..,..,..,..,..,..,..,..
"Korea, Rep.",KOR,"Literacy rate, adult total (% of people ages 15 and above)",SE.ADT.LITR.ZS,..,..,..,..,..,..,..,..,..,..,..,..,..,..,..,..,..,..,..,..,..,..,..,97.9659423828125,..,..,..,..,..,..,..,..,..,..,..,..
Kosovo,XKX,"Literacy rate, adult total (% of people ages 15 and above)",SE.ADT.LITR.ZS,..,..,..,..,..,..,..,..,..,..,..,..,..,..,..,..,..,..,..,..,..,..,..,..,..,..,..,..,..,..,..,..,..,..,..,..
Kuwait,KWT,"Literacy rate, adult total (% of people ages 15 and above)",SE.ADT.LITR.ZS,74.4908676147461,..,..,..,..,..,..,..,..,..,78.3955001831055,..,..,..,..,..,..,..,..,..,93.2744598388672,93.2821197509766,93.664192199707,93.8983001708984,..,94.4690093994141,..,95.5131683349609,95.585823059082,..,95.6854476928711,..,96.0359497070313,96.0564727783203,..,..
Kyrgyz Republic,KGZ,"Literacy rate, adult total (% of people ages 15 and above)",SE.ADT.LITR.ZS,..,..,..,..,..,..,..,..,..,..,..,..,..,..,98.7016067504883,..,..,..,..,..,..,..,..,..,99.2434310913086,..,..,..,..,..,..,..,..,99.5859985351563,..,..
Lao PDR,LAO,"Literacy rate, adult total (% of people ages 15 and above)",SE.ADT.LITR.ZS,..,..,..,..,..,..,..,..,..,..,60.2513313293457,..,..,..,..,69.583122253418,68.7343902587891,..,..,..,72.702262878418,..,..,..,..,..,58.2879409790039,..,..,..,84.6610412597656,..,..,..,..,..
Latvia,LVA,"Literacy rate, adult total (% of people ages 15 and above)",SE.ADT.LITR.ZS,..,..,..,..,99.4523010253906,..,..,..,..,..,..,..,..,..,..,99.7465667724609,..,..,..,..,..,..,..,..,..,..,99.8958969116211,..,..,..,..,..,..,99.8893127441406,..,..
Lebanon,LBN,"Literacy rate, adult total (% of people ages 15 and above)",SE.ADT.LITR.ZS,..,..,..,..,..,..,..,..,..,..,..,..,..,..,..,..,..,..,..,..,..,..,89.6124420166016,..,91.1841888427734,..,..,..,..,..,..,..,..,95.0694427490234,..,..
Lesotho,LSO,"Literacy rate, adult total (% of people ages 15 and above)",SE.ADT.LITR.ZS,..,..,..,..,..,..,..,..,..,..,..,..,..,..,..,86.2544326782227,..,..,..,..,..,..,..,..,75.8002014160156,..,..,..,..,76.6352005004883,..,..,..,..,..,..
Liberia,LBR,"Literacy rate, adult total (% of people ages 15 and above)",SE.ADT.LITR.ZS,..,..,..,..,..,..,..,..,..,..,..,..,..,..,..,..,..,..,..,..,..,..,42.9410781860352,..,..,..,..,..,..,..,..,..,48.3013610839844,..,..,..
Libya,LBY,"Literacy rate, adult total (% of people ages 15 and above)",SE.ADT.LITR.ZS,..,..,..,..,..,..,..,..,..,76.5,..,..,..,..,..,..,..,..,..,86.0999984741211,..,..,..,..,..,..,..,..,..,..,..,..,..,..,..,..
Liechtenstein,LIE,"Literacy rate, adult total (% of people ages 15 and above)",SE.ADT.LITR.ZS,..,..,..,..,..,..,..,..,..,..,..,..,..,..,..,..,..,..,..,..,..,..,..,..,..,..,..,..,..,..,..,..,..,..,..,..
Lithuania,LTU,"Literacy rate, adult total (% of people ages 15 and above)",SE.ADT.LITR.ZS,..,..,..,..,98.4412689208984,..,..,..,..,..,..,..,..,..,..,..,99.645751953125,..,..,..,..,..,..,..,..,..,99.8155975341797,..,..,..,..,..,..,..,..,..
Luxembourg,LUX,"Literacy rate, adult total (% of people ages 15 and above)",SE.ADT.LITR.ZS,..,..,..,..,..,..,..,..,..,..,..,..,..,..,..,..,..,..,..,..,..,..,..,..,..,..,..,..,..,..,..,..,..,..,..,..
"Macao SAR, China",MAC,"Literacy rate, adult total (% of people ages 15 and above)",SE.ADT.LITR.ZS,..,..,..,..,..,..,..,..,..,..,..,..,..,..,..,..,91.2953720092773,..,..,..,..,93.4997482299805,..,..,..,..,95.6400375366211,..,..,..,..,96.5384902954102,..,..,..,..
Madagascar,MDG,"Literacy rate, adult total (% of people ages 15 and above)",SE.ADT.LITR.ZS,..,..,..,..,..,..,..,..,..,..,..,..,..,..,..,70.6861724853516,..,..,..,..,58.9359397888184,..,..,..,64.4809112548828,..,..,71.5726165771484,..,..,..,..,..,74.8043212890625,..,..
Malawi,MWI,"Literacy rate, adult total (% of people ages 15 and above)",SE.ADT.LITR.ZS,..,..,48.5366516113281,..,..,..,..,..,..,..,..,..,..,64.1342468261719,..,..,..,..,..,..,..,..,..,..,..,61.3097190856934,..,..,..,65.1453704833984,62.1435394287109,..,..,..,..,..
Malaysia,MYS,"Literacy rate, adult total (% of people ages 15 and above)",SE.ADT.LITR.ZS,..,..,..,..,..,..,82.9153671264648,..,..,..,..,..,..,..,..,88.6877593994141,..,..,..,..,..,..,..,..,..,93.1178894042969,..,..,..,..,..,94.8805770874023,95.082649230957,94.8544082641602,..,..
Maldives,MDV,"Literacy rate, adult total (% of people ages 15 and above)",SE.ADT.LITR.ZS,92.2300491333008,..,..,..,..,96.0182571411133,..,..,..,..,96.3264999389648,..,..,..,..,..,..,..,..,..,..,98.3979034423828,..,..,..,..,..,..,..,98.6101226806641,..,97.7349472045898,..,..,..,..
Mali,MLI,"Literacy rate, adult total (% of people ages 15 and above)",SE.ADT.LITR.ZS,..,..,..,..,..,..,..,..,..,..,..,..,..,19.0449695587158,..,..,..,..,24,..,..,26.176549911499,..,..,..,31.0997505187988,30.6186695098877,..,..,..,33.0688896179199,..,..,35.4737701416016,..,..
Malta,MLT,"Literacy rate, adult total (% of people ages 15 and above)",SE.ADT.LITR.ZS,86.9298400878906,..,..,..,..,..,..,..,..,..,87.8686981201172,..,..,..,..,..,..,..,..,..,92.3630905151367,..,..,..,..,..,93.3073577880859,..,..,..,..,..,..,94.5031890869141,..,..
Marshall Islands,MHL,"Literacy rate, adult total (% of people ages 15 and above)",SE.ADT.LITR.ZS,..,..,..,..,..,..,..,..,..,..,..,..,..,..,..,..,..,..,..,..,..,..,..,..,..,..,98.2650833129883,..,..,..,..,..,..,..,..,..
Mauritania,MRT,"Literacy rate, adult total (% of people ages 15 and above)",SE.ADT.LITR.ZS,..,..,..,..,..,..,..,..,..,..,..,..,..,..,..,51.2076797485352,..,..,..,..,..,..,45.5037803649902,..,..,..,..,..,..,..,..,..,53.4975891113281,..,..,..
Mauritius,MUS,"Literacy rate, adult total (% of people ages 15 and above)",SE.ADT.LITR.ZS,..,..,..,..,..,79.8686599731445,..,..,..,..,..,..,..,..,..,84.303092956543,..,..,..,..,..,..,..,..,..,..,89.2498397827148,91.7660064697266,91.4900283813477,92.4747619628906,92.7076034545898,93.1578369140625,..,91.3253936767578,..,..
Mexico,MEX,"Literacy rate, adult total (% of people ages 15 and above)",SE.ADT.LITR.ZS,..,..,..,..,..,87.55615234375,..,..,..,..,..,..,..,..,..,90.5356216430664,..,90.2746505737305,..,90.953742980957,91.6302719116211,91.7345199584961,92.7951736450195,92.9255981445313,93.4418792724609,93.0689392089844,93.5199813842773,94.228401184082,93.9628524780273,94.5558776855469,94.472282409668,94.859619140625,94.9727783203125,95.3799133300781,..,..
"Micronesia, Fed. Sts.",FSM,"Literacy rate, adult total (% of people ages 15 and above)",SE.ADT.LITR.ZS,..,..,..,..,..,..,..,..,..,..,..,..,..,..,..,..,..,..,..,..,..,..,..,..,..,..,..,..,..,..,..,..,..,..,..,..
Moldova,MDA,"Literacy rate, adult total (% of people ages 15 and above)",SE.ADT.LITR.ZS,..,..,..,..,96.3775482177734,..,..,..,..,..,..,..,..,..,..,96.6538009643555,..,..,..,98.3584976196289,..,..,98.6222915649414,..,99.0699615478516,99.0231781005859,..,99.138313293457,..,99.3598937988281,..,..,..,..,..,..
Monaco,MCO,"Literacy rate, adult total (% of people ages 15 and above)",SE.ADT.LITR.ZS,..,..,..,..,..,..,..,..,..,..,..,..,..,..,..,..,..,..,..,..,..,..,..,..,..,..,..,..,..,..,..,..,..,..,..,..
Mongolia,MNG,"Literacy rate, adult total (% of people ages 15 and above)",SE.ADT.LITR.ZS,..,..,..,..,..,..,..,..,..,..,..,..,..,..,..,97.7688522338867,..,..,..,..,..,..,..,..,..,98.2570037841797,..,..,..,..,..,..,..,98.4231185913086,..,..
Montenegro,MNE,"Literacy rate, adult total (% of people ages 15 and above)",SE.ADT.LITR.ZS,..,..,..,..,..,..,93.4627380371094,..,..,..,..,..,..,..,..,..,..,..,97.7734603881836,..,..,..,..,..,..,..,98.4422073364258,..,..,..,..,..,..,98.8471832275391,..,..
Morocco,MAR,"Literacy rate, adult total (% of people ages 15 and above)",SE.ADT.LITR.ZS,..,..,..,..,..,..,..,..,..,41.594108581543,..,..,..,..,..,..,..,..,..,52.3062591552734,..,..,..,55.1479187011719,56.0836715698242,..,67.0841598510742,69.4253921508789,..,..,..,..,..,73.7500076293945,..,..
Mozambique,MOZ,"Literacy rate, adult total (% of people ages 15 and above)",SE.ADT.LITR.ZS,..,..,..,..,..,..,..,..,..,..,..,..,38.707878112793,..,..,..,..,..,48.1588401794434,..,..,..,..,..,50.5838088989258,..,..,..,..,..,56.0390014648438,..,60.6554298400879,..,..,..
Myanmar,MMR,"Literacy rate, adult total (% of people ages 15 and above)",SE.ADT.LITR.ZS,..,..,..,..,..,..,..,..,..,..,..,..,..,..,..,89.9417572021484,..,..,..,..,..,..,..,..,..,..,..,..,..,..,..,75.5512008666992,..,..,..,..
Namibia,NAM,"Literacy rate, adult total (% of people ages 15 and above)",SE.ADT.LITR.ZS,..,..,..,..,..,..,75.8165817260742,..,..,..,..,..,..,..,..,..,84.9442596435547,..,..,..,..,..,76.4865875244141,..,..,..,88.2746276855469,..,..,..,..,..,..,91.5272674560547,..,..
Nauru,NRU,"Literacy rate, adult total (% of people ages 15 and above)",SE.ADT.LITR.ZS,..,..,..,..,..,..,..,..,..,..,..,..,..,..,..,..,..,..,..,..,..,..,..,..,..,..,..,..,..,..,..,..,..,..,..,..
Nepal,NPL,"Literacy rate, adult total (% of people ages 15 and above)",SE.ADT.LITR.ZS,..,..,..,..,..,..,32.9755897521973,..,..,..,..,..,..,..,..,..,48.6089706420898,..,..,..,..,..,..,..,..,..,59.6272506713867,..,..,..,..,..,..,67.9084320068359,..,..
Netherlands,NLD,"Literacy rate, adult total (% of people ages 15 and above)",SE.ADT.LITR.ZS,..,..,..,..,..,..,..,..,..,..,..,..,..,..,..,..,..,..,..,..,..,..,..,..,..,..,..,..,..,..,..,..,..,..,..,..
New Caledonia,NCL,"Literacy rate, adult total (% of people ages 15 and above)",SE.ADT.LITR.ZS,..,..,..,..,93.0806274414063,..,..,..,..,..,..,96.1379165649414,..,..,..,..,..,..,..,..,..,..,..,..,..,..,..,..,..,97.8000030517578,..,..,..,..,..,..
New Zealand,NZL,"Literacy rate, adult total (% of people ages 15 and above)",SE.ADT.LITR.ZS,..,..,..,..,..,..,..,..,..,..,..,..,..,..,..,..,..,..,..,..,..,..,..,..,..,..,..,..,..,..,..,..,..,..,..,..
Nicaragua,NIC,"Literacy rate, adult total (% of people ages 15 and above)",SE.ADT.LITR.ZS,..,..,..,..,..,..,..,..,..,..,..,..,..,..,..,..,76.677131652832,..,..,..,78.0029830932617,..,..,..,..,..,..,..,..,..,82.6145477294922,..,..,..,..,..
Niger,NER,"Literacy rate, adult total (% of people ages 15 and above)",SE.ADT.LITR.ZS,..,..,..,..,..,..,..,..,..,..,..,..,..,..,..,..,14.3760404586792,..,..,..,28.672420501709,..,..,..,..,..,..,30.5603904724121,..,..,..,..,..,35.0499992370605,..,..
Nigeria,NGA,"Literacy rate, adult total (% of people ages 15 and above)",SE.ADT.LITR.ZS,..,..,..,..,..,..,55.4467506408691,..,..,..,..,..,..,..,..,..,..,..,54.7731781005859,..,..,70.1983489990234,..,51.0776596069336,..,..,..,..,..,..,..,..,..,62.0160102844238,..,..
North Macedonia,MKD,"Literacy rate, adult total (% of people ages 15 and above)",SE.ADT.LITR.ZS,..,..,..,..,..,..,..,..,..,94.0587463378906,..,..,..,..,..,..,..,96.1289291381836,..,..,..,..,..,..,..,..,..,..,..,97.8000030517578,..,..,..,..,..,..
Northern Mariana Islands,MNP,"Literacy rate, adult total (% of people ages 15 and above)",SE.ADT.LITR.ZS,..,..,..,..,..,..,..,..,..,..,..,..,..,..,..,..,..,..,..,..,..,..,..,..,..,..,..,..,..,..,..,..,..,..,..,..
Norway,NOR,"Literacy rate, adult total (% of people ages 15 and above)",SE.ADT.LITR.ZS,..,..,..,..,..,..,..,..,..,..,..,..,..,..,..,..,..,..,..,..,..,..,..,..,..,..,..,..,..,..,..,..,..,..,..,..
Oman,OMN,"Literacy rate, adult total (% of people ages 15 and above)",SE.ADT.LITR.ZS,..,..,..,..,..,..,..,..,..,..,..,..,..,..,..,..,..,..,81.3633117675781,..,..,..,..,86.6211395263672,..,86.9390029907227,..,..,..,91.981201171875,93.0386123657227,94.8999862670898,95.5759963989258,95.6515274047852,..,..
Pakistan,PAK,"Literacy rate, adult total (% of people ages 15 and above)",SE.ADT.LITR.ZS,..,..,..,..,..,..,..,..,..,..,..,..,..,42.6993103027344,..,..,..,..,..,..,49.8736381530762,54.1512107849121,52.1368293762207,55.5263710021973,54.8926391601563,55.3751907348633,54.7380218505859,56.7643394470215,55.5949897766113,56.9771499633789,..,..,59.1320495605469,..,..,..
Palau,PLW,"Literacy rate, adult total (% of people ages 15 and above)",SE.ADT.LITR.ZS,..,..,..,..,..,..,..,..,..,..,..,..,..,..,..,..,..,..,..,..,..,..,..,..,..,..,..,..,99.5031280517578,..,96.5937423706055,..,..,..,..,..
Panama,PAN,"Literacy rate, adult total (% of people ages 15 and above)",SE.ADT.LITR.ZS,..,..,..,..,..,88.7798614501953,..,..,..,..,..,..,..,..,..,91.8996200561523,..,..,..,..,..,..,..,..,..,94.0941162109375,..,..,..,..,..,..,..,95.4118118286133,..,..
Papua New Guinea,PNG,"Literacy rate, adult total (% of people ages 15 and above)",SE.ADT.LITR.ZS,..,..,..,..,..,..,..,..,..,..,..,..,..,..,..,57.34326171875,..,..,..,..,..,..,..,..,..,61.5999984741211,..,..,..,..,..,..,..,..,..,..
Paraguay,PRY,"Literacy rate, adult total (% of people ages 15 and above)",SE.ADT.LITR.ZS,..,..,..,..,..,..,..,90.2718200683594,..,..,..,..,..,..,..,..,..,92.8096084594727,..,..,..,..,94.558219909668,93.2920837402344,93.7542419433594,93.8709182739258,..,94.1974716186523,95.0590362548828,95.0348129272461,95.5548400878906,94.6502380371094,..,94.0207977294922,..,..
Peru,PER,"Literacy rate, adult total (% of people ages 15 and above)",SE.ADT.LITR.ZS,..,..,..,..,..,..,..,..,87.1506271362305,..,..,..,..,..,..,..,..,..,..,87.6698532104492,87.9086685180664,88.6993408203125,89.5908126831055,..,..,..,..,93.8417282104492,..,93.7079467773438,94.1623382568359,94.1736679077148,94.1496124267578,94.4082717895508,..,..
Philippines,PHL,"Literacy rate, adult total (% of people ages 15 and above)",SE.ADT.LITR.ZS,..,..,..,..,..,93.5738983154297,..,..,..,93.9159698486328,..,..,..,..,..,92.6000595092773,..,..,92.590690612793,..,..,..,..,95.4200973510742,..,..,..,..,96.3980026245117,..,98.1825485229492,..,..,..,..,..
Poland,POL,"Literacy rate, adult total (% of people ages 15 and above)",SE.ADT.LITR.ZS,..,..,..,98.7427368164063,..,..,..,..,..,..,..,..,..,98.7427368164063,..,..,..,..,..,..,..,..,..,98.7427368164063,..,..,..,..,..,..,..,..,..,..,..,..
Portugal,PRT,"Literacy rate, adult total (% of people ages 15 and above)",SE.ADT.LITR.ZS,..,..,..,..,..,..,87.9478530883789,..,..,..,..,..,..,..,..,..,90.4397506713867,..,..,..,..,..,..,..,..,..,94.47705078125,..,..,..,..,..,..,96.1375885009766,..,..
Puerto Rico,PRI,"Literacy rate, adult total (% of people ages 15 and above)",SE.ADT.LITR.ZS,..,..,..,..,..,89.6224975585938,..,..,..,..,..,..,..,..,..,..,..,..,..,..,..,..,..,..,..,91.9652328491211,..,..,..,..,..,..,92.3899993896484,..,..,..
Qatar,QAT,"Literacy rate, adult total (% of people ages 15 and above)",SE.ADT.LITR.ZS,..,75.6350402832031,..,..,..,..,..,..,..,..,..,..,83.2621612548828,..,..,..,..,..,..,86.7316131591797,..,..,90.0606231689453,91.0107574462891,91.1514205932617,91.7788467407227,91.3640823364258,90.1700592041016,90.6329879760742,91.3272171020508,..,93.1453018188477,93.4639663696289,..,..,..
Romania,ROU,"Literacy rate, adult total (% of people ages 15 and above)",SE.ADT.LITR.ZS,..,..,..,..,..,..,..,96.7099761962891,..,..,..,..,..,..,..,..,..,97.2975921630859,..,..,..,..,..,..,..,..,98.6042861938477,..,..,..,..,..,..,98.8444976806641,..,..
Russian Federation,RUS,"Literacy rate, adult total (% of people ages 15 and above)",SE.ADT.LITR.ZS,..,..,..,..,97.9860534667969,..,..,..,..,..,..,..,..,..,..,..,..,99.4409713745117,..,..,..,..,..,..,..,99.6842727661133,..,..,..,..,..,..,..,99.7300567626953,..,..
Rwanda,RWA,"Literacy rate, adult total (% of people ages 15 and above)",SE.ADT.LITR.ZS,..,..,..,..,..,..,57.8534889221191,..,..,..,..,..,..,..,..,64.8886032104492,..,..,..,..,..,..,..,..,..,65.8522720336914,..,68.3310317993164,..,70.8041305541992,..,..,..,73.2155914306641,..,..
Samoa,WSM,"Literacy rate, adult total (% of people ages 15 and above)",SE.ADT.LITR.ZS,..,..,..,..,..,..,97.9443283081055,..,..,..,..,..,..,..,..,..,..,..,..,..,..,..,..,..,..,..,98.973258972168,..,..,..,..,..,..,99.0957717895508,..,..
San Marino,SMR,"Literacy rate, adult total (% of people ages 15 and above)",SE.ADT.LITR.ZS,..,..,..,..,..,..,..,..,..,..,..,..,..,..,..,..,..,..,..,..,..,..,..,..,..,..,..,..,..,..,..,..,..,99.9164276123047,..,..
Sao Tome and Principe,STP,"Literacy rate, adult total (% of people ages 15 and above)",SE.ADT.LITR.ZS,..,..,..,..,..,..,73.2424163818359,..,..,..,..,..,..,..,..,..,84.9085083007813,..,..,..,..,..,..,69.5363922119141,..,..,..,90.1430969238281,..,..,..,..,..,92.8166427612305,..,..
Saudi Arabia,SAU,"Literacy rate, adult total (% of people ages 15 and above)",SE.ADT.LITR.ZS,..,..,..,..,..,..,..,70.821647644043,..,..,..,..,..,..,..,79.3509368896484,..,..,..,82.8577423095703,..,..,..,..,..,..,..,..,94.4263381958008,..,..,..,95.3286285400391,..,..,..
Senegal,SEN,"Literacy rate, adult total (% of people ages 15 and above)",SE.ADT.LITR.ZS,..,..,..,26.8688507080078,..,..,..,..,..,..,..,..,..,..,..,..,..,39.2752494812012,..,..,..,41.8911514282227,..,..,48.0367813110352,..,51.8145484924316,..,43.5345001220703,..,..,..,51.9004211425781,..,..,..
Serbia,SRB,"Literacy rate, adult total (% of people ages 15 and above)",SE.ADT.LITR.ZS,..,..,..,..,..,..,..,..,..,..,..,..,..,..,..,..,..,..,96.3972396850586,..,..,..,..,..,..,..,97.9624099731445,..,..,..,..,98.8415069580078,..,..,..,..
Seychelles,SYC,"Literacy rate, adult total (% of people ages 15 and above)",SE.ADT.LITR.ZS,..,..,84.2292175292969,..,..,..,..,..,..,87.811149597168,..,..,..,..,..,..,..,91.8364562988281,..,..,..,..,..,..,..,93.954231262207,..,..,..,..,..,..,..,95.8677062988281,..,..
Sierra Leone,SLE,"Literacy rate, adult total (% of people ages 15 and above)",SE.ADT.LITR.ZS,..,..,..,..,..,..,..,..,..,..,..,..,..,..,..,..,..,..,..,34.826789855957,..,..,..,..,..,..,..,..,32.4261703491211,..,..,..,..,43.2063293457031,..,..
Singapore,SGP,"Literacy rate, adult total (% of people ages 15 and above)",SE.ADT.LITR.ZS,..,..,..,..,..,89.0960006713867,..,..,..,..,..,..,..,..,..,92.5494003295898,..,..,..,..,..,..,..,..,..,95.8573303222656,96.1860427856445,96.3697891235352,96.5480194091797,96.7166900634766,96.8254928588867,97.049560546875,97.2022171020508,97.344856262207,..,..
Sint Maarten (Dutch part),SXM,"Literacy rate, adult total (% of people ages 15 and above)",SE.ADT.LITR.ZS,..,..,..,..,..,..,..,..,..,..,..,..,..,..,..,..,..,..,..,..,..,..,..,..,..,..,..,..,..,..,..,..,..,..,..,..
Slovak Republic,SVK,"Literacy rate, adult total (% of people ages 15 and above)",SE.ADT.LITR.ZS,..,..,..,..,..,..,..,..,..,..,..,..,..,..,..,..,..,..,..,..,..,..,..,..,..,..,..,..,..,..,..,..,..,..,..,..
Slovenia,SVN,"Literacy rate, adult total (% of people ages 15 and above)",SE.ADT.LITR.ZS,..,..,..,..,..,..,99.5245208740234,..,..,..,..,..,..,..,..,..,..,..,..,99.6999969482422,..,..,..,..,..,..,..,..,..,99.6999969482422,..,..,..,..,..,..
Solomon Islands,SLB,"Literacy rate, adult total (% of people ages 15 and above)",SE.ADT.LITR.ZS,..,..,..,..,..,..,..,..,..,..,..,..,..,..,76.5999984741211,..,..,..,..,..,..,..,..,..,76.5999984741211,..,..,..,..,..,..,..,..,..,..,..
Somalia,SOM,"Literacy rate, adult total (% of people ages 15 and above)",SE.ADT.LITR.ZS,..,..,..,..,..,..,..,..,..,..,..,..,..,..,..,..,..,..,..,..,..,..,..,..,..,..,..,..,..,..,..,..,..,..,..,..
South Africa,ZAF,"Literacy rate, adult total (% of people ages 15 and above)",SE.ADT.LITR.ZS,..,..,..,..,..,..,..,..,..,..,..,82.402099609375,..,..,..,..,..,..,..,..,..,..,88.7172470092773,..,92.8948593139648,92.8773193359375,93.1021423339844,93.7294692993164,..,94.1399002075195,94.367919921875,..,87.0466690063477,..,..,..
South Sudan,SSD,"Literacy rate, adult total (% of people ages 15 and above)",SE.ADT.LITR.ZS,..,..,..,..,..,..,..,..,..,..,..,..,..,..,..,..,..,..,..,..,..,..,..,26.8312797546387,..,..,..,..,..,..,..,..,..,34.5227584838867,..,..
Spain,ESP,"Literacy rate, adult total (% of people ages 15 and above)",SE.ADT.LITR.ZS,..,..,..,..,..,..,96.4949722290039,..,..,..,..,..,..,..,..,..,..,..,..,97.1651229858398,97.7506866455078,97.7521362304688,97.9388427734375,97.6306076049805,97.6792678833008,97.7489013671875,97.7837524414063,97.8945388793945,98.0791320800781,98.0937194824219,98.1432571411133,98.2505111694336,..,98.4365005493164,..,..
Sri Lanka,LKA,"Literacy rate, adult total (% of people ages 15 and above)",SE.ADT.LITR.ZS,..,..,..,..,..,..,..,..,..,..,..,..,..,..,..,..,90.682746887207,..,..,..,..,90.8088302612305,..,90.5579528808594,..,91.1813583374023,..,..,..,..,..,92.3869018554688,91.895751953125,91.7098236083984,..,..
St. Kitts and Nevis,KNA,"Literacy rate, adult total (% of people ages 15 and above)",SE.ADT.LITR.ZS,..,..,..,..,..,..,..,..,..,..,..,..,..,..,..,..,..,..,..,..,..,..,..,..,..,..,..,..,..,..,..,..,..,..,..,..
St. Lucia,LCA,"Literacy rate, adult total (% of people ages 15 and above)",SE.ADT.LITR.ZS,..,..,..,..,..,..,..,..,..,..,..,..,..,..,..,..,..,..,..,..,..,..,..,..,..,..,..,..,..,..,..,..,..,..,..,..
St. Martin (French part),MAF,"Literacy rate, adult total (% of people ages 15 and above)",SE.ADT.LITR.ZS,..,..,..,..,..,..,..,..,..,..,..,..,..,..,..,..,..,..,..,..,..,..,..,..,..,..,..,..,..,..,..,..,..,..,..,..
St. Vincent and the Grenadines,VCT,"Literacy rate, adult total (% of people ages 15 and above)",SE.ADT.LITR.ZS,..,..,..,..,..,..,..,..,..,..,..,..,..,..,..,..,..,..,..,..,..,..,..,..,..,..,..,..,..,..,..,..,..,..,..,..
Sudan,SDN,"Literacy rate, adult total (% of people ages 15 and above)",SE.ADT.LITR.ZS,..,..,..,..,..,..,..,..,..,..,..,..,..,..,..,61.3458709716797,..,..,..,..,..,..,..,53.5173797607422,..,..,..,..,..,..,..,..,..,60.6971817016602,..,..
Suriname,SUR,"Literacy rate, adult total (% of people ages 15 and above)",SE.ADT.LITR.ZS,..,..,..,..,..,..,..,..,..,..,..,..,..,..,..,..,..,..,..,89.5980606079102,..,..,..,94.6209411621094,..,94.6757507324219,..,92.8686599731445,..,..,..,..,..,94.3832702636719,..,..
Sweden,SWE,"Literacy rate, adult total (% of people ages 15 and above)",SE.ADT.LITR.ZS,..,..,..,..,..,..,..,..,..,..,..,..,..,..,..,..,..,..,..,..,..,..,..,..,..,..,..,..,..,..,..,..,..,..,..,..
Switzerland,CHE,"Literacy rate, adult total (% of people ages 15 and above)",SE.ADT.LITR.ZS,..,..,..,..,..,..,..,..,..,..,..,..,..,..,..,..,..,..,..,..,..,..,..,..,..,..,..,..,..,..,..,..,..,..,..,..
Syrian Arab Republic,SYR,"Literacy rate, adult total (% of people ages 15 and above)",SE.ADT.LITR.ZS,..,..,..,..,..,..,..,..,..,..,..,..,..,..,..,..,..,82.8882522583008,..,80.8445205688477,..,..,..,..,..,..,..,..,..,..,..,..,..,..,..,..
Tajikistan,TJK,"Literacy rate, adult total (% of people ages 15 and above)",SE.ADT.LITR.ZS,..,..,..,..,97.6940231323242,..,..,..,..,..,..,..,..,..,..,99.45068359375,..,..,..,..,..,..,..,..,..,..,..,..,..,99.8000030517578,..,..,..,..,..,..
Tanzania,TZA,"Literacy rate, adult total (% of people ages 15 and above)",SE.ADT.LITR.ZS,..,..,..,59.1138000488281,..,..,..,..,..,..,..,..,..,..,..,..,..,69.4309005737305,..,..,..,..,..,..,..,67.8006973266602,..,78.1005935668945,..,..,77.8872299194336,..,..,..,..,..
Thailand,THA,"Literacy rate, adult total (% of people ages 15 and above)",SE.ADT.LITR.ZS,..,..,..,..,..,..,..,..,..,..,..,..,..,..,..,92.6465377807617,..,..,..,..,93.5064697265625,..,..,..,..,96.430908203125,..,..,93.7020721435547,..,92.8683090209961,..,..,93.7677612304688,..,..
Timor-Leste,TLS,"Literacy rate, adult total (% of people ages 15 and above)",SE.ADT.LITR.ZS,..,..,..,..,..,..,..,..,..,..,..,..,..,..,..,..,37.5999984741211,..,..,..,..,..,50.5999984741211,..,..,58.3089790344238,..,..,..,..,..,..,..,68.0668334960938,..,..
Togo,TGO,"Literacy rate, adult total (% of people ages 15 and above)",SE.ADT.LITR.ZS,..,..,..,..,..,..,..,..,..,..,..,..,..,..,..,53.1776008605957,..,..,..,..,..,56.888370513916,..,..,57.0933799743652,..,60.4099388122559,..,..,..,63.7456207275391,..,..,..,..,..
Tonga,TON,"Literacy rate, adult total (% of people ages 15 and above)",SE.ADT.LITR.ZS,..,..,..,..,..,..,..,..,..,..,..,98.9053726196289,..,..,..,..,..,..,..,..,..,99.0184631347656,..,..,..,..,99.3855285644531,..,..,..,..,..,..,99.4143676757813,..,..
Trinidad and Tobago,TTO,"Literacy rate, adult total (% of people ages 15 and above)",SE.ADT.LITR.ZS,..,..,..,..,..,96.9385528564453,..,..,..,..,..,..,..,..,..,97.9000015258789,..,..,..,..,..,..,..,..,..,98.6999969482422,..,..,..,..,..,..,..,..,..,..
Tunisia,TUN,"Literacy rate, adult total (% of people ages 15 and above)",SE.ADT.LITR.ZS,..,..,..,..,..,..,..,..,..,..,..,..,..,..,..,..,..,..,..,74.2969970703125,..,..,77.1903991699219,77.7146224975586,..,79.1305770874023,79.6539077758789,80.21875,..,79.0364303588867,..,..,..,..,..,..
Turkey,TUR,"Literacy rate, adult total (% of people ages 15 and above)",SE.ADT.LITR.ZS,75.9682388305664,..,..,..,..,79.2324523925781,..,..,..,..,..,..,..,..,..,..,..,..,..,87.3654937744141,88.2290573120117,88.1193923950195,88.6558990478516,..,90.8167190551758,92.6605987548828,94.106086730957,94.9197463989258,95.2566604614258,95.4396286010742,95.6014175415039,96.1673278808594,96.1505279541016,..,..,..
Turkmenistan,TKM,"Literacy rate, adult total (% of people ages 15 and above)",SE.ADT.LITR.ZS,..,..,..,..,..,..,..,..,..,..,98.7783203125,..,..,..,..,..,..,..,..,..,..,..,..,..,..,..,..,..,..,99.6999969482422,..,..,..,..,..,..
Turks and Caicos Islands,TCA,"Literacy rate, adult total (% of people ages 15 and above)",SE.ADT.LITR.ZS,..,..,..,..,..,..,..,..,..,..,..,..,..,..,..,..,..,..,..,..,..,..,..,..,..,..,..,..,..,..,..,..,..,..,..,..
Tuvalu,TUV,"Literacy rate, adult total (% of people ages 15 and above)",SE.ADT.LITR.ZS,..,..,..,..,..,..,..,..,..,..,..,..,..,..,..,..,..,..,..,..,..,..,..,..,..,..,..,..,..,..,..,..,..,..,..,..
Uganda,UGA,"Literacy rate, adult total (% of people ages 15 and above)",SE.ADT.LITR.ZS,..,..,..,..,..,..,56.1073799133301,..,..,..,..,..,..,..,..,..,..,68.1425094604492,..,..,..,71.3731384277344,..,..,..,73.2118835449219,..,70.1982192993164,..,..,..,..,..,76.5274963378906,..,..
Ukraine,UKR,"Literacy rate, adult total (% of people ages 15 and above)",SE.ADT.LITR.ZS,..,..,..,..,..,..,..,..,..,..,..,..,..,..,..,..,99.4304122924805,..,..,..,..,..,..,..,..,..,..,99.9743499755859,..,..,..,..,..,..,..,..
United Arab Emirates,ARE,"Literacy rate, adult total (% of people ages 15 and above)",SE.ADT.LITR.ZS,71.2352981567383,..,..,..,..,..,..,..,..,..,..,..,..,..,..,..,..,..,..,..,90.0338516235352,..,..,..,..,..,..,..,..,..,93.2271423339844,..,..,..,..,..
United Kingdom,GBR,"Literacy rate, adult total (% of people ages 15 and above)",SE.ADT.LITR.ZS,..,..,..,..,..,..,..,..,..,..,..,..,..,..,..,..,..,..,..,..,..,..,..,..,..,..,..,..,..,..,..,..,..,..,..,..
United States,USA,"Literacy rate, adult total (% of people ages 15 and above)",SE.ADT.LITR.ZS,..,..,..,..,..,..,..,..,..,..,..,..,..,..,..,..,..,..,..,..,..,..,..,..,..,..,..,..,..,..,..,..,..,..,..,..
Uruguay,URY,"Literacy rate, adult total (% of people ages 15 and above)",SE.ADT.LITR.ZS,95.3799819946289,..,..,..,..,..,..,..,..,..,..,96.7818069458008,..,..,..,..,..,..,..,..,..,97.7896270751953,97.8638916015625,98.1635589599609,98.2672271728516,98.0727081298828,98.3358993530273,98.3959426879883,98.3638687133789,98.4359283447266,98.5238723754883,98.5614700317383,98.61572265625,98.703857421875,..,..
Uzbekistan,UZB,"Literacy rate, adult total (% of people ages 15 and above)",SE.ADT.LITR.ZS,..,..,..,..,..,..,..,..,..,..,..,..,..,..,..,98.642578125,..,..,..,..,..,..,..,..,..,..,..,..,99.9948577880859,99.9805526733398,99.9838333129883,99.986572265625,..,99.9928894042969,..,..
Vanuatu,VUT,"Literacy rate, adult total (% of people ages 15 and above)",SE.ADT.LITR.ZS,..,..,..,..,..,..,..,..,..,68.6999969482422,..,..,..,..,74,..,..,..,..,78.4000015258789,..,..,..,..,..,..,..,..,..,84.6999969482422,..,..,..,87.5063095092773,..,..
"Venezuela, RB",VEN,"Literacy rate, adult total (% of people ages 15 and above)",SE.ADT.LITR.ZS,..,..,..,..,..,89.8252487182617,..,..,..,..,..,..,..,..,..,..,92.9798278808594,..,..,..,..,..,95.1546401977539,..,95.5119934082031,..,94.7702178955078,..,..,..,96.6052169799805,97.1270904541016,..,..,..,..
Vietnam,VNM,"Literacy rate, adult total (% of people ages 15 and above)",SE.ADT.LITR.ZS,..,..,..,..,87.5964508056641,..,..,..,..,..,..,..,..,..,90.2782974243164,90.1561279296875,..,..,..,..,..,..,..,..,93.5204467773438,..,..,..,..,..,..,..,..,95.0003814697266,..,..
Virgin Islands (U.S.),VIR,"Literacy rate, adult total (% of people ages 15 and above)",SE.ADT.LITR.ZS,..,..,..,..,..,..,..,..,..,..,..,..,..,..,..,..,..,..,..,..,..,..,..,..,..,..,..,..,..,..,..,..,..,..,..,..
West Bank and Gaza,PSE,"Literacy rate, adult total (% of people ages 15 and above)",SE.ADT.LITR.ZS,..,..,..,..,..,..,..,..,..,..,..,..,86.0628890991211,..,..,..,..,..,..,92.2799682617188,..,93.4500122070313,93.8821411132813,94.0586776733398,94.5991668701172,94.9320068359375,95.2672424316406,95.9062194824219,96.2848968505859,96.4283905029297,96.6907272338867,96.9302291870117,..,97.2186126708984,..,..
"Yemen, Rep.",YEM,"Literacy rate, adult total (% of people ages 15 and above)",SE.ADT.LITR.ZS,..,..,..,..,..,..,..,..,..,37.0900001525879,..,..,..,..,..,..,..,..,..,54.0999984741211,..,..,..,..,..,..,..,..,..,..,..,..,..,..,..,..
Zambia,ZMB,"Literacy rate, adult total (% of people ages 15 and above)",SE.ADT.LITR.ZS,..,..,..,..,..,64.9982833862305,..,..,..,..,..,..,..,..,68.0017929077148,..,..,69.1492233276367,..,..,..,..,61.1270904541016,..,..,83.0076675415039,..,..,..,..,..,..,..,86.7479629516602,..,..
Zimbabwe,ZWE,"Literacy rate, adult total (% of people ages 15 and above)",SE.ADT.LITR.ZS,..,..,..,..,..,..,..,83.512580871582,..,..,..,..,..,..,..,..,..,..,..,..,..,..,..,..,..,..,83.5827102661133,..,..,88.6934204101563,..,..,..,..,..,..
,,,,,,,,,,,,,,,,,,,,,,,,,,,,,,,,,,,,,,,
,,,,,,,,,,,,,,,,,,,,,,,,,,,,,,,,,,,,,,,
,,,,,,,,,,,,,,,,,,,,,,,,,,,,,,,,,,,,,,,
Data from database: World Development Indicators,,,,,,,,,,,,,,,,,,,,,,,,,,,,,,,,,,,,,,,
Last Updated: 12/16/2020,,,,,,,,,,,,,,,,,,,,,,,,,,,,,,,,,,,,,,,
